ID,code-vec1,code-vec2,code-vec3,code-vec4,code-vec5,code-vec6,code-vec7,code-vec8,code-vec9,code-vec10,code-vec11,code-vec12,code-vec13,code-vec14,Shape_Leng,Shape_Area,x,y,lng,lat
2001_1,0,0,0,0,1,0,0,0,0,0,0,0,0,0,6132.82331,859203.613,12956630.89,1055901.823,116.3913956,26.02497642
2001_2,0,0,0,0,0,0,0,1,0,0,0,0,0,0,2630.634102,218866.6846,12956970,268941.7002,116.3944419,26.01875897
2001_3,0,0,0,0,1,0,0,0,0,0,0,0,0,0,1550.326019,80261.10195,12961975.91,98610.87879,116.4394107,26.017485
2001_4,0,0,0,0,0,0,0,0,0,1,0,0,0,0,390.5713676,5677.977115,12982682.14,6972.452434,116.625418,26.01694951
2001_5,0,0,0,0,0,0,0,1,0,0,0,0,0,0,2690.618707,220498.842,12957540,270924.1119,116.3995623,26.01458181
2001_6,0,0,0,0,1,0,0,0,0,0,0,0,0,0,1964.013853,129727.8219,12964650.94,159365.964,116.4634409,26.01372953
2001_7,0,0,0,0,0,0,0,0,1,0,0,0,0,0,949.3888509,30013.69026,12983543.92,36853.13312,116.6331594,26.01293206
2001_8,0,0,0,0,1,0,0,0,0,0,0,0,0,0,14199.02474,1666393.013,12955205.79,2048143.206,116.3785932,26.03020096
2001_9,0,0,0,0,0,0,0,1,0,0,0,0,0,0,6187.569286,867446.0716,12958858.6,1065749.464,116.4114074,26.01259082
2001_10,0,0,0,0,0,0,0,1,0,0,0,0,0,0,2576.757762,206743.2858,12961215,253982.2302,116.4325754,26.01040464
2001_11,0,0,0,0,0,0,0,1,0,0,0,0,0,0,3319.592492,291208.3355,12982726.76,357577.0904,116.6258187,26.01363032
2001_12,0,0,0,0,0,0,0,1,0,0,0,0,0,0,6134.010563,646233.1068,12964674.03,793808.7205,116.4636484,26.00890298
2001_13,0,0,0,0,1,0,0,0,0,0,0,0,0,0,1759.119499,104603.1113,12965738.95,128479.5434,116.4732147,26.0053511
2001_14,0,0,0,0,0,0,0,1,0,0,0,0,0,0,114.0510935,810.8958611,12965955,995.9581739,116.4751555,26.00420627
2001_15,0,0,0,0,0,0,0,0,1,0,0,0,0,0,4337.013576,396690.7213,12983942.36,487037.0167,116.6367387,26.00770694
2001_16,0,1,0,0,0,0,0,0,0,0,0,0,0,0,1237.528384,48675.64207,12984724,59757.65789,116.6437603,26.00480814
2001_17,0,0,0,0,1,0,0,0,0,0,0,0,0,0,570.1663507,12159.66485,12952915,14939.25061,116.3580152,26.00357745
2001_18,0,0,0,0,0,0,0,1,0,0,0,0,0,0,570.3713794,12168.4029,12982345,14939.24812,116.6223894,26.00357745
2001_19,0,0,0,0,1,0,0,0,0,0,0,0,0,0,3551.251987,425655.1995,12958995,522866.9837,116.4126328,26.00205031
2001_20,0,0,0,0,1,0,0,0,0,0,0,0,0,0,3497.181829,413509.0669,12960540,507927.9699,116.4265117,26.00205031
2001_21,0,0,0,0,1,0,0,0,0,0,0,0,0,0,114.0528751,810.9225581,12966015,995.9208144,116.4756945,26.00016385
2001_22,0,0,0,0,0,0,0,0,1,0,0,0,0,0,5106.681817,758503.8958,12982782.92,931218.6543,116.6263232,26.00422212
2001_23,0,0,0,0,0,0,0,0,0,1,0,0,0,0,9594.521781,974264.0166,12983298.74,1196182.768,116.630957,26.00809789
2001_24,0,0,0,0,0,0,0,1,0,0,0,0,0,0,3611.03201,441021.5353,12953895,541770.387,116.3668187,25.99787314
2001_25,0,0,0,0,1,0,0,0,0,0,0,0,0,0,2690.804803,228627.7894,12955703.62,280844.2182,116.3830658,25.99790181
2001_26,0,0,0,0,1,0,0,0,0,0,0,0,0,0,2691.072973,220564.2286,12963960,270885.1829,116.4572341,25.99787314
2001_27,0,1,0,0,0,0,0,0,0,0,0,0,0,0,3633.250506,229599.7831,12984944.36,281843.2065,116.6457399,25.99916967
2001_28,0,0,0,0,1,0,0,0,0,0,0,0,0,0,2576.906291,206758.1376,12958335,253945.7262,116.4067039,25.99369598
2001_29,0,0,0,0,1,0,0,0,0,0,0,0,0,0,2577.050426,206781.4495,12962985,253945.7007,116.4484755,25.99369598
2001_30,0,0,0,0,1,0,0,0,0,0,0,0,0,0,2252.727403,154956.4715,12982137.57,190210.4803,116.620526,25.99378346
2001_31,0,0,0,0,1,0,0,0,0,0,0,0,0,0,2631.041934,218917.3552,12956340,268874.35,116.3887825,25.98965356
2001_32,0,0,0,0,0,0,0,1,0,0,0,0,0,0,1597.177513,60041.28279,12984474.32,73691.0746,116.6415174,25.98898711
2001_33,0,0,0,0,1,0,0,0,0,0,0,0,0,0,798.2879238,21890.59641,12953120.56,26886.82568,116.3598617,25.98697857
2001_34,0,0,0,0,0,0,0,1,0,0,0,0,0,0,3611.632709,446012.1993,12961300.91,547687.4118,116.4333471,25.98549109
2001_35,0,0,0,0,0,0,0,1,0,0,0,0,0,0,14996.00275,3408288.733,12983554.46,4183704.873,116.633254,25.99573871
2001_36,0,0,0,0,1,0,0,0,0,0,0,0,0,0,2691.894872,220692.0993,12983220,270856.2721,116.6302496,25.98547639
2001_37,0,0,0,0,0,0,0,1,0,0,0,0,0,0,7845.186738,853051.7521,12958862.8,1047567.92,116.4114451,25.98452343
2001_38,0,0,0,0,0,0,0,1,0,0,0,0,0,0,2577.476903,206843.039,12970905,253918.6719,116.5196221,25.98129923
2001_39,0,1,0,0,0,0,0,0,0,0,0,0,0,0,114.0673442,811.1369027,12968505,995.7161445,116.4980625,25.97617883
2001_40,0,1,0,0,0,0,0,0,0,0,0,0,0,0,114.0673358,811.1367887,12968475,995.7121625,116.497793,25.97590933
2001_41,0,1,0,0,0,0,0,0,0,0,0,0,0,0,114.0675188,811.1395414,12968445,995.7116995,116.4975235,25.97563984
2001_42,0,1,0,0,0,0,0,0,0,0,0,0,0,0,114.0677102,811.1422705,12968415,995.7112075,116.4972541,25.97537035
2001_43,0,0,0,0,1,0,0,0,0,0,0,0,0,0,2691.404546,220607.3562,12964770,270836.8452,116.4645105,25.97712206
2001_44,0,0,0,0,0,0,0,1,0,0,0,0,0,0,2691.540548,211706.6373,12968883.28,259883.7339,116.5014606,25.97706475
2001_45,0,0,0,0,0,0,0,1,0,0,0,0,0,0,2691.574977,220635.0531,12969930,270836.8247,116.5108635,25.97712206
2001_46,0,1,0,0,0,0,0,0,0,0,0,0,0,0,5215.395693,438918.1849,12978151.03,538696.1435,116.5847143,25.97920255
2001_47,0,0,0,0,1,0,0,0,0,0,0,0,0,0,5268.218095,439501.8187,12955499.89,539672.5737,116.3812356,25.97504118
2001_48,0,0,0,0,1,0,0,0,0,0,0,0,0,0,2577.338858,206816.3913,12962745,253900.3887,116.4463196,25.97294489
2001_49,0,0,0,0,1,0,0,0,0,0,0,0,0,0,2577.371303,207632.8427,12963794.77,254896.1078,116.4557498,25.97295226
2001_50,0,0,0,0,0,0,0,0,0,1,0,0,0,0,2691.820702,220670.8397,12973650,270817.3899,116.5442809,25.96876773
2001_51,0,0,0,0,1,0,0,0,0,0,0,0,0,0,4418.215779,488961.3688,12952629.03,600355.2082,116.3554463,25.96429336
2001_52,0,1,0,0,0,0,0,0,0,0,0,0,0,0,16949.18736,3862454.866,12975757.17,4740663.659,116.5632099,25.97769278
2001_53,0,0,0,0,0,0,0,0,1,0,0,0,0,0,2577.902123,206902.2864,12976785,253882.2127,116.572443,25.96459056
2001_54,0,0,0,0,1,0,0,0,0,0,0,0,0,0,4398.516592,249747.403,12949657.21,306639.6022,116.3287499,25.96069689
2001_55,0,0,0,0,0,0,0,1,0,0,0,0,0,0,9562.941446,1517500.506,12961297.76,1862816.15,116.4333187,25.96570196
2001_56,0,0,0,0,0,0,0,0,1,0,0,0,0,0,3612.325837,441271.2005,12964215,541595.8942,116.4595248,25.9604134
2001_57,0,0,0,0,1,0,0,0,0,0,0,0,0,0,2577.215355,206787.752,12951105,253863.9782,116.3417557,25.95623623
2001_58,0,0,0,0,1,0,0,0,0,0,0,0,0,0,3552.533889,425879.6307,12964785,522661.0706,116.4646452,25.95623623
2001_59,0,0,0,0,0,0,0,1,0,0,0,0,0,0,31410.00962,4518483.989,12956211.99,5547916.103,116.3876331,25.97174673
2001_60,0,0,0,0,1,0,0,0,0,0,0,0,0,0,2691.698972,220641.9362,12962520,270778.487,116.4442984,25.95205906
2001_61,0,0,0,0,1,0,0,0,0,0,0,0,0,0,2691.732812,220647.3374,12963540,270778.5384,116.4534612,25.95205906
2001_62,0,0,0,0,0,0,0,1,0,0,0,0,0,0,5270.641195,439882.8377,12983640.11,539575.6793,116.6340235,25.95413994
2001_63,0,0,0,0,0,0,0,0,1,0,0,0,0,0,7034.831521,846950.9884,12966356.05,1039320.457,116.4787581,25.95304411
2001_64,0,0,0,0,1,0,0,0,0,0,0,0,0,0,5323.866121,648228.2372,12967705.22,795402.8003,116.4908779,25.95072593
2001_65,0,0,0,0,0,0,0,1,0,0,0,0,0,0,2691.391759,229507.8947,12949222.42,281708.9777,116.3248442,25.94373092
2001_66,0,0,0,0,0,0,0,1,0,0,0,0,0,0,4402.875745,434004.1688,12962323.88,532568.3237,116.4425366,25.9456796
2001_67,0,0,0,0,1,0,0,0,0,0,0,0,0,0,2691.824708,227147.9296,12962635.72,278722.7,116.4453378,25.94373553
2001_68,1,0,0,0,0,0,0,0,0,0,0,0,0,0,2691.927012,220674.6513,12965730,270759.1204,116.4731343,25.94370473
2001_69,0,0,0,0,1,0,0,0,0,0,0,0,0,0,2691.943702,220677.3041,12966240,270759.1336,116.4777157,25.94370473
2001_70,0,0,0,0,1,0,0,0,0,0,0,0,0,0,3613.307645,447972.5015,12977840.87,549481.6665,116.5819281,25.94368911
2001_71,0,0,0,0,1,0,0,0,0,0,0,0,0,0,2603.953715,152596.4033,12985338.83,187140.1723,116.6492834,25.94237303
2001_72,0,0,0,0,0,0,0,1,0,0,0,0,0,0,5269.15537,634282.2163,12954763.05,778414.2388,116.3746164,25.94098049
2001_73,0,0,0,0,1,0,0,0,0,0,0,0,0,0,3498.751284,413768.4097,12965010,507655.1021,116.4666664,25.93952757
2001_74,0,0,0,0,0,0,0,0,0,0,0,1,0,0,2578.137925,206926.6832,12973005,253827.5537,116.5384867,25.93952757
2001_75,0,0,0,0,0,0,0,0,0,1,0,0,0,0,2578.154388,206929.2801,12973515,253827.5432,116.5430681,25.93952757
2001_76,0,0,0,0,1,0,0,0,0,0,0,0,0,0,2578.501971,206985.119,12984345,253827.5361,116.6403557,25.93952757
2001_77,0,0,0,0,0,0,0,1,0,0,0,0,0,0,2577.888198,218242.8902,12963271.73,267753.9066,116.4510513,25.93549216
2001_78,0,0,0,0,0,0,0,1,0,0,0,0,0,0,2578.444772,206973.8314,12980805,253818.7499,116.6085553,25.93548515
2001_79,0,0,0,0,1,0,0,0,0,0,0,0,0,0,2691.861698,220657.1541,12958170,270730.2873,116.4052217,25.93130798
2001_80,0,0,0,0,1,0,0,0,0,0,0,0,0,0,2692.046728,220687.5185,12963840,270730.2654,116.4561561,25.93130798
2001_81,0,0,0,0,0,0,0,1,0,0,0,0,0,0,3613.112457,449529.0284,12967192.85,551413.8861,116.4862753,25.93129339
2001_82,0,0,0,0,0,0,0,0,0,1,0,0,0,0,4403.792819,427685.5163,12974385.01,524549.0364,116.5508835,25.93332919
2001_83,0,0,0,0,1,0,0,0,0,0,0,0,0,0,13455.16069,1505154.759,12947148.99,1847474.9,116.3062178,25.94006017
2001_84,0,0,0,0,0,0,0,0,1,0,0,0,0,0,5215.47849,434821.498,12957168.64,533488.9492,116.3962263,25.92933655
2001_85,0,1,0,0,0,0,0,0,0,0,0,0,0,0,3498.812753,413765.4653,12960030,507601.0739,116.4219303,25.92713081
2001_86,0,0,0,0,0,0,0,0,0,1,0,0,0,0,2578.108176,213406.4046,12966470.02,261762.8664,116.479782,25.92710212
2001_87,0,0,0,0,0,0,0,1,0,0,0,0,0,0,2691.639906,220616.3602,12947460,270710.8751,116.3090121,25.92295365
2001_88,0,0,0,0,0,0,0,0,1,0,0,0,0,0,54314.18749,14467607.48,12973479.93,17749510.78,116.542753,25.94930079
2001_89,0,0,0,0,1,0,0,0,0,0,0,0,0,0,2759.7956,171125.6942,12943115.05,209990.5179,116.2699807,25.91769978
2001_90,0,0,0,0,0,0,0,1,0,0,0,0,0,0,6244.881826,881817.7797,12953220.93,1081779.97,116.3607634,25.91557924
2001_91,0,0,0,0,1,0,0,0,0,0,0,0,0,0,1670.72824,63255.17504,12936223.08,77621.18739,116.2080691,25.90918869
2001_92,0,0,0,0,0,0,0,0,1,0,0,0,0,0,22012.00819,4100268.262,12966597.96,5029119.831,116.4809306,25.92452088
2001_93,0,1,0,0,0,0,0,0,0,0,0,0,0,0,3499.431371,423621.918,12965928.97,519470.3464,116.4749216,25.91043144
2001_94,0,0,0,0,0,0,0,0,1,0,0,0,0,0,10541.69022,1957522.862,12970398.37,2400455.497,116.5150709,25.91744901
2001_95,0,0,0,0,0,0,0,0,1,0,0,0,0,0,2578.879479,207030.0322,12983205,253764.2073,116.6301149,25.91042215
2001_96,0,0,0,0,0,0,0,0,1,0,0,0,0,0,11356.47991,1500332.265,12985128.38,1839165.703,116.647393,25.9181322
2001_97,0,0,0,0,1,0,0,0,0,0,0,0,0,0,114.0538118,810.9682833,12935775,995.135904,116.2040439,25.90826619
2001_98,0,0,0,0,1,0,0,0,0,0,0,0,0,0,4039.900043,328432.8405,12934987.52,403020.4595,116.1969699,25.90555727
2001_99,0,0,0,0,1,0,0,0,0,0,0,0,0,0,2360.878294,179237.637,12938345.09,219920.355,116.2271315,25.90585172
2001_100,0,0,0,0,0,0,0,0,0,0,0,0,0,1,2692.442088,230477.318,12964701.13,282613.6133,116.4638918,25.90626776
2001_101,0,1,0,0,0,0,0,0,0,0,0,0,0,0,114.1267313,812.0081304,12986025,995.0730544,116.6554474,25.90072035
2001_102,0,0,0,0,0,0,0,0,1,0,0,0,0,0,2578.009,206885.8097,12951855,253746.0362,116.348493,25.90206782
2001_103,1,0,0,0,0,0,0,0,0,0,0,0,0,0,3499.819964,413956.6574,12970680,507492.1216,116.5176009,25.90206782
2001_104,0,1,0,0,0,0,0,0,0,0,0,0,0,0,2579.001368,207045.223,12983325,253746.0285,116.6311929,25.90206782
2001_105,0,1,0,0,0,0,0,0,0,0,0,0,0,0,6139.307543,648748.249,12984650.74,795090.3305,116.6431022,25.90491185
2001_106,0,1,0,0,0,0,0,0,0,0,0,0,0,0,228.2535322,2436.024062,12985985,2985.200147,116.655088,25.90027119
2001_107,0,0,0,0,0,0,0,0,1,0,0,0,0,0,14099.60274,2607787.98,12957156.66,3198347.655,116.3961185,25.90762994
2001_108,0,0,0,0,0,0,0,0,0,0,0,0,0,1,5216.878197,437454.1409,12964322.14,536320.7878,116.4604873,25.89583044
2001_109,0,0,0,0,1,0,0,0,0,0,0,0,0,0,8826.912996,1512690.407,12983589.02,1853781.441,116.6335645,25.89845807
2001_110,0,0,0,0,0,0,0,1,0,0,0,0,0,0,44602.87061,7803459.899,12950306.23,9572085.636,116.3345797,25.90678163
2001_111,0,0,0,0,0,0,0,0,0,0,0,1,0,0,13862.03902,1940450.743,12963854.83,2379203.56,116.4562892,25.90016648
2001_112,0,0,0,0,0,0,0,0,1,0,0,0,0,0,2151.332091,172971.1203,12985462.89,211929.2361,116.6503978,25.88920926
2001_113,0,0,0,0,0,0,0,1,0,0,0,0,0,0,8714.608031,1291466.79,12942495.96,1584001.307,116.2644194,25.88953327
2001_114,0,1,0,0,0,0,0,0,0,0,0,0,0,0,114.0586355,811.0459232,12930285,994.9114043,116.1547264,25.88185572
2001_115,0,0,0,0,0,0,0,1,0,0,0,0,0,0,5102.253324,422744.8781,12950066.52,518354.6658,116.3324268,25.88330665
2001_116,0,0,0,0,0,0,0,0,1,0,0,0,0,0,19147.3617,2791878.312,12950532.43,3423798.801,116.3366122,25.89251317
2001_117,0,0,0,0,0,0,0,0,0,0,0,0,0,1,5103.04399,413947.3043,12962955,507410.6807,116.448206,25.88333794
2001_118,0,0,0,0,0,0,0,0,0,0,0,1,0,0,5103.108378,423698.2315,12963985.86,519349.6237,116.4574664,25.88330077
2001_119,0,1,0,0,0,0,0,0,0,0,0,0,0,0,4325.582314,472689.9336,12985484.07,579017.6344,116.6505881,25.87777997
2001_120,0,0,0,0,0,0,0,1,0,0,0,0,0,0,5270.28412,645010.924,12944620.06,790940.4486,116.2835004,25.87989197
2001_121,0,1,0,0,0,0,0,0,0,0,0,0,0,0,156777.046,77259547.1,12978688.58,94740965.32,116.5895362,25.92919165
2001_122,0,0,0,0,0,0,0,0,0,1,0,0,0,0,2693.362055,229805.9953,12979537.58,281548.1868,116.5971699,25.87711338
2001_123,0,1,0,0,0,0,0,0,0,0,0,0,0,0,1015.791796,18679.21269,12983652.39,22881.43387,116.6341339,25.87420442
2001_124,0,1,0,0,0,0,0,0,0,0,0,0,0,0,114.1356615,812.1448667,12983475,994.8354123,116.6325403,25.8729624
2001_125,0,1,0,0,0,0,0,0,0,0,0,0,0,0,114.1356529,812.1448866,12983445,994.8316365,116.6322708,25.87269291
2001_126,0,1,0,0,0,0,0,0,0,0,0,0,0,0,114.1359311,812.1490731,12983385,994.8291642,116.6317319,25.87215392
2001_127,0,0,0,0,0,0,0,0,1,0,0,0,0,0,10485.2205,1258642.973,12979599.91,1542066.458,116.5977296,25.87848687
2001_128,0,0,0,0,0,0,0,1,0,0,0,0,0,0,2692.588751,230481.1987,12952341.13,282522.9366,116.35286,25.86880801
2001_129,0,0,0,0,1,0,0,0,0,0,0,0,0,0,2693.350298,220867.3055,12975540,270585.3147,116.561259,25.86878524
2001_130,0,0,0,0,1,0,0,0,0,0,0,0,0,0,5327.08776,647256.1471,12981338.45,792873.4506,116.6133474,25.87153682
2001_131,0,0,0,0,1,0,0,0,0,0,0,0,0,0,4456.934451,334982.0861,12927954.37,410850.6701,116.13379,25.86841101
2001_132,0,0,0,0,0,0,0,0,0,0,0,1,0,0,3613.154339,441295.7904,12931065,541132.0408,116.1617333,25.8604309
2001_133,0,1,0,0,0,0,0,0,0,0,0,0,0,0,2692.58358,220737.0448,12948330,270566.0072,116.3168274,25.8604309
2001_134,1,0,0,0,0,0,0,0,0,0,0,0,0,0,2693.134966,220827.208,12965340,270566.0144,116.4696309,25.8604309
2001_135,0,0,0,0,1,0,0,0,0,0,0,0,0,0,2693.407041,220872.0755,12973590,270566.013,116.5437419,25.8604309
2001_136,0,0,0,0,0,0,0,0,0,0,0,1,0,0,8718.064084,1294002.753,12961986.97,1585605.631,116.43951,25.86112003
2001_137,0,0,0,0,1,0,0,0,0,0,0,0,0,0,9641.679466,1082606.292,12979675.34,1325962.981,116.5984075,25.85960756
2001_138,0,1,0,0,0,0,0,0,0,0,0,0,0,0,2692.062027,228759.0557,12927833.62,280493.3214,116.1327053,25.85210524
2001_139,0,0,0,0,0,0,0,0,0,0,0,1,0,0,22965.53005,7783688.141,12955874.86,9539837.308,116.3846036,25.86528776
2001_140,0,0,0,0,0,0,0,0,1,0,0,0,0,0,7114.747719,867768.4183,12957695.06,1063306.768,116.4009552,25.85412803
2001_141,0,0,0,0,0,0,0,0,0,1,0,0,0,0,2693.619011,231460.2246,12976279.74,283477.2681,116.5679042,25.85209501
2001_142,0,0,0,0,0,0,0,0,0,0,0,1,0,0,2693.636756,220905.1583,12976800,270546.6695,116.5725778,25.85207657
2001_143,0,0,0,0,1,0,0,0,0,0,0,0,0,0,2097.379472,149452.6492,12981311.74,183015.9602,116.6131074,25.85150243
2001_144,0,1,0,0,0,0,0,0,0,0,0,0,0,0,17257.56949,3770074.829,12928583.24,4623730.534,116.1394389,25.86637399
2001_145,1,0,0,0,0,0,0,0,0,0,0,0,0,0,3500.42931,414007.3596,12957000,507256.9072,116.3947114,25.84789941
2001_146,0,0,0,0,0,0,0,0,1,0,0,0,0,0,3501.13393,414177.8131,12973500,507256.8947,116.5429334,25.84789941
2001_147,0,0,0,0,0,0,0,0,0,1,0,0,0,0,8665.974149,875512.1014,12977562.02,1072240.103,116.5794232,25.85207557
2001_148,0,0,0,0,0,0,0,0,1,0,0,0,0,0,29757.03919,4281340.602,12976746.73,5244228.456,116.5720992,25.86093682
2001_149,0,0,0,0,1,0,0,0,0,0,0,0,0,0,5217.023325,643546.4094,12941728.47,788688.1786,116.2575249,25.84099654
2001_150,0,0,0,0,0,0,0,1,0,0,0,0,0,0,62538.99794,14237271.85,12947593.79,17451500.44,116.3102129,25.8603861
2001_151,0,0,0,0,0,0,0,0,1,0,0,0,0,0,12255.42243,1716856.097,12955269.99,2103615.128,116.3791703,25.8473952
2001_152,0,1,0,0,0,0,0,0,0,0,0,0,0,0,1575.314415,86109.41522,12982460.38,105421.3827,116.6234258,25.83849506
2001_153,0,0,0,0,1,0,0,0,0,0,0,0,0,0,282.5284235,3249.473926,12982725,3978.13814,116.625803,25.83772599
2001_154,0,0,0,0,0,0,0,1,0,0,0,0,0,0,7116.332936,1058959.631,12968003.47,1296884.069,116.4935572,25.83867748
2001_155,0,0,0,0,0,0,0,0,1,0,0,0,0,0,6990.897519,657836.2236,12972145.27,805585.4649,116.5307635,25.8394975
2001_156,0,1,0,0,0,0,0,0,0,0,0,0,0,0,7965.395489,971107.8372,12927423.59,1190477.453,116.129022,25.83961172
2001_157,0,0,0,0,0,0,0,0,1,0,0,0,0,0,37022.61803,9883386.245,12931120.13,12118346.35,116.1622277,25.85633616
2001_158,0,0,0,0,0,0,0,1,0,0,0,0,0,0,5218.2507,427873.8098,12957981.78,524100.2901,116.4035308,25.8333467
2001_159,0,1,0,0,0,0,0,0,0,0,0,0,0,0,11412.03194,2381267.218,12958643.1,2917017.328,116.4094716,25.83959175
2001_160,0,0,0,0,0,0,0,0,1,0,0,0,0,0,12042.43274,1297200.096,12978349.5,1588287.552,116.5864971,25.83885117
2001_161,0,1,0,0,0,0,0,0,0,0,0,0,0,0,4860.391704,393201.3169,12983315.2,481329.095,116.6311049,25.83144576
2001_162,0,1,0,0,0,0,0,0,0,0,0,0,0,0,450.6307773,7302.293431,12928065,8950.140487,116.1347838,25.82888507
2001_163,0,0,0,0,0,0,0,0,0,0,0,0,1,0,22690.7028,8611005.516,12952741.68,10550362.91,116.3564581,25.84146111
2001_164,1,0,0,0,0,0,0,0,0,0,0,0,0,0,2579.407936,207070.2068,12962715,253583.4819,116.4460501,25.82714832
2001_165,0,0,0,0,0,0,0,1,0,0,0,0,0,0,24215.90208,2800679.659,12978728.57,3429254.134,116.5899026,25.8410602
2001_166,0,1,0,0,0,0,0,0,0,0,0,0,0,0,2568.733985,188494.448,12984370.73,230709.684,116.6405868,25.826341
2001_167,0,1,0,0,0,0,0,0,0,0,0,0,0,0,1905.292131,107919.3421,12928911.99,132257.811,116.1423925,25.82414336
2001_168,0,0,0,0,0,0,0,1,0,0,0,0,0,0,126248.8861,33622845.42,12933455.45,41223707.17,116.1832065,25.85532693
2001_169,0,0,0,0,0,0,0,1,0,0,0,0,0,0,2692.611632,220721.2188,12931860,270479.4128,116.1688749,25.82297116
2001_170,0,0,0,0,0,0,0,1,0,0,0,0,0,0,8662.89382,1061473.791,12936222.29,1300742.184,116.2080621,25.82787893
2001_171,0,0,0,0,0,0,0,1,0,0,0,0,0,0,18363.07754,5363791.233,12948353.14,6571730.475,116.3170354,25.83494307
2001_172,0,1,0,0,0,0,0,0,0,0,0,0,0,0,7797.514648,1280385.386,12955938.9,1568229.405,116.3851793,25.82637111
2001_173,0,0,0,0,0,0,0,0,1,0,0,0,0,0,14913.0707,1722846.127,12957298.1,2110304.348,116.3973894,25.83224726
2001_174,0,0,0,0,0,0,0,0,1,0,0,0,0,0,7063.149517,865869.8056,12973060.63,1060059.045,116.5389865,25.82501158
2001_175,0,0,0,0,0,0,0,0,1,0,0,0,0,0,2694.05904,225020.1924,12976681.9,275451.3923,116.5715168,25.8229444
2001_176,0,0,0,0,0,0,0,1,0,0,0,0,0,0,2578.601389,208559.2911,12932444.42,255554.181,116.1741248,25.81880762
2001_177,1,0,0,0,0,0,0,0,0,0,0,0,0,0,2579.177905,207028.785,12951495,253565.4342,116.3452591,25.81879399
2001_178,0,0,0,0,0,0,0,0,1,0,0,0,0,0,6140.394526,638240.9304,12958863.97,781587.7259,116.4114557,25.82024707
2001_179,0,0,0,0,0,0,0,1,0,0,0,0,0,0,2579.921436,207148.3013,12975195,253565.3723,116.5581598,25.81879399
2001_180,0,1,0,0,0,0,0,0,0,0,0,0,0,0,19231.38527,4071021.082,12974821.04,4984359.47,116.5548007,25.83186668
2001_181,1,0,0,0,0,0,0,0,0,0,0,0,0,0,2580.137405,215307.6928,12981907.64,263509.1962,116.6184605,25.81881942
2001_182,0,0,0,0,0,0,0,0,1,0,0,0,0,0,6142.260145,858812.4633,12983675.78,1051072.894,116.6343439,25.82096066
2001_183,0,1,0,0,0,0,0,0,0,0,0,0,0,0,2693.355581,224898.2957,12951568.11,275431.8961,116.3459158,25.81464358
2001_184,0,0,0,0,0,0,0,0,1,0,0,0,0,0,110819.8465,25626992.18,12952717.56,31410342.71,116.356235,25.86344174
2001_185,0,0,0,0,0,0,0,0,1,0,0,0,0,0,2579.994884,213654.5474,12973779.98,261501.8439,116.5454485,25.81046835
2001_186,0,0,0,0,0,0,0,0,0,0,0,1,0,0,2580.011543,207158.1353,12974295,253547.3442,116.550075,25.81043966
2001_187,0,0,0,0,0,0,0,1,0,0,0,0,0,0,29403.19586,5173751.16,12983011.97,6332525.765,116.6283813,25.82529254
2001_188,0,0,0,0,0,0,0,0,1,0,0,0,0,0,103083.7946,28858806.31,12964045.44,35353063.21,116.4580025,25.84868417
2001_189,0,0,0,0,0,0,0,0,0,0,0,1,0,0,2580.132747,212048.0362,12974411.9,259494.6702,116.5511251,25.80211321
2001_190,0,0,0,0,0,0,0,0,1,0,0,0,0,0,10331.6588,866851.9531,12975349.1,1060903.246,116.5595442,25.80841555
2001_191,0,0,0,0,0,0,0,0,1,0,0,0,0,0,2580.041507,207154.0464,12967815,253511.2021,116.4918642,25.79373099
2001_192,0,0,0,0,0,0,0,0,1,0,0,0,0,0,2526.012811,215313.366,12974515.42,263452.8105,116.552055,25.79371574
2001_193,0,0,0,0,0,0,0,0,0,1,0,0,0,0,22664.51491,3477206.681,12974751.84,4255417.571,116.5541791,25.80492465
2001_194,0,0,0,0,1,0,0,0,0,0,0,0,0,0,5220.909643,436388.0504,12979238.97,533836.6516,116.5944874,25.7875552
2001_195,0,0,0,0,1,0,0,0,0,0,0,0,0,0,6139.911719,862110.1599,12933713.98,1055704.833,116.1855295,25.78321487
2001_196,0,0,0,0,0,0,0,0,1,0,0,0,0,0,2693.449126,220835.7829,12939150,270383.0545,116.2343621,25.7811995
2001_197,0,0,0,0,0,0,0,0,1,0,0,0,0,0,2693.562232,220854.4205,12942750,270383.0419,116.2667014,25.7811995
2001_198,0,1,0,0,0,0,0,0,0,0,0,0,0,0,2694.04268,220933.0506,12957690,270383.034,116.4009097,25.7811995
2001_199,0,0,0,0,0,0,0,0,1,0,0,0,0,0,2694.362943,226672.7256,12967473.39,277341.3707,116.4887954,25.78116907
2001_200,0,0,0,0,0,0,0,0,1,0,0,0,0,0,3616.8504,442058.4579,12975465,540766.0606,116.5605853,25.7811995
2001_201,0,0,0,0,1,0,0,0,0,0,0,0,0,0,2156.697373,154236.6767,12932562.95,188871.2689,116.1751896,25.7816704
2001_202,0,0,0,0,0,0,0,0,1,0,0,0,0,0,2579.53416,207063.6104,12943845,253475.1013,116.276538,25.77702233
2001_203,0,0,0,0,0,0,0,0,0,0,0,1,0,0,13921.67577,1726404.718,12948974.36,2113473.834,116.3226156,25.78742475
2001_204,0,0,0,0,1,0,0,0,0,0,0,0,0,0,5274.925408,653296.472,12972307.84,799211.2181,116.532224,25.77984029
2001_205,0,0,0,0,1,0,0,0,0,0,0,0,0,0,1875.418857,89404.15672,12981800.73,109342.0278,116.6175001,25.77684348
2001_206,0,0,0,0,0,0,0,0,1,0,0,0,0,0,2694.773174,221046.1906,12974370,270354.5019,116.5507487,25.76880275
2001_207,0,0,0,0,0,0,0,1,0,0,0,0,0,0,288.2846719,4064.149772,12981663,4969.676728,116.6162629,25.76699713
2001_208,0,0,0,0,0,0,0,1,0,0,0,0,0,0,2579.480723,207048.5311,12936315,253448.3197,116.2088948,25.76462558
2001_209,0,0,0,0,0,0,0,0,0,0,0,1,0,0,4423.930258,624579.954,12948161.8,764320.7086,116.3153165,25.76463329
2001_210,0,0,0,0,0,0,0,0,0,0,0,1,0,0,2525.664769,214426.3191,12950220,262393.5207,116.3338056,25.76462558
2001_211,0,0,0,0,1,0,0,0,0,0,0,0,0,0,2259.549453,157489.6943,12926672.48,192812.9504,116.1222746,25.76063178
2001_212,0,0,0,0,0,0,0,0,0,0,0,0,0,1,2694.039083,223357.9274,12948210.82,273316.8447,116.3157568,25.7604293
2001_213,0,0,0,0,0,0,0,0,0,0,0,0,0,1,8781.568548,872322.0764,12949851,1067455.071,116.3304909,25.76356316
2001_214,0,0,0,0,1,0,0,0,0,0,0,0,0,0,3800.835851,191609.8499,12931686.74,234546.7577,116.1673185,25.75599833
2001_215,0,0,0,0,0,0,0,1,0,0,0,0,0,0,2580.152703,207151.8485,12954465,253430.2799,116.3719391,25.75627125
2001_216,0,0,0,0,0,0,0,1,0,0,0,0,0,0,20097.60076,2582561.913,12960804.8,3159842.392,116.4288896,25.77155623
2001_217,0,0,0,0,0,0,0,0,1,0,0,0,0,0,12943.74324,2789325.543,12965513.5,3412183.947,116.4711892,25.76716486
2001_218,0,0,0,0,1,0,0,0,0,0,0,0,0,0,9814.672354,1524483.196,12968771,1864490.601,116.5004521,25.75871164
2001_219,0,0,0,0,1,0,0,0,0,0,0,0,0,0,570.5558043,8118.370525,12926079,9938.217511,116.1169433,25.7536841
2001_220,0,0,0,0,1,0,0,0,0,0,0,0,0,0,114.1115518,811.8432768,12925995,993.8160621,116.1161887,25.75276782
2001_221,0,0,0,0,0,0,0,0,1,0,0,0,0,0,2693.805398,225750.8953,12937017.41,276278.9746,116.2152047,25.75212316
2001_222,0,0,0,0,0,0,0,0,1,0,0,0,0,0,4353.402551,435649.3513,12974828.74,532690.9285,116.5548696,25.75414244
2001_223,0,0,0,0,0,0,0,1,0,0,0,0,0,0,1484.449608,73976.85874,12981585,90435.89576,116.6155622,25.75115085
2001_224,0,0,0,0,0,0,0,1,0,0,0,0,0,0,33194.44501,6008547.277,12957416.97,7352616.227,116.3984566,25.77463204
2001_225,0,0,0,0,0,0,0,1,0,0,0,0,0,0,2580.401694,207187.4452,12958695,253412.2775,116.4099378,25.74791692
2001_226,0,0,0,0,1,0,0,0,0,0,0,0,0,0,2580.595764,207218.4685,12964875,253412.2781,116.4654537,25.74791692
2001_227,0,0,0,0,0,0,0,1,0,0,0,0,0,0,1316.015574,60159.21737,12981634.46,73538.72705,116.6160065,25.74705016
2001_228,0,0,0,0,0,0,0,1,0,0,0,0,0,0,7744.204332,1068511.774,12928054.81,1307768.753,116.1346923,25.74455991
2001_229,0,0,0,0,0,0,0,1,0,0,0,0,0,0,620061.6219,141201334.8,12974153.94,173057328.6,116.5488112,25.89091809
2001_230,0,0,0,0,1,0,0,0,0,0,0,0,0,0,2581.226867,207315.5659,12980955,253394.2694,116.6099028,25.73956258
2001_231,0,0,0,0,0,0,0,0,1,0,0,0,0,0,2693.767217,223299.1395,12927989.18,273258.6673,116.1341027,25.73540453
2001_232,0,0,0,0,0,0,0,0,1,0,0,0,0,0,4351.766105,433689.0593,12936949.22,530627.5488,116.2145921,25.73737836
2001_233,0,0,0,0,0,0,0,1,0,0,0,0,0,0,30275.44979,6470124.28,12979111.86,7911212.075,116.5933452,25.75940436
2001_234,0,0,0,0,0,0,0,1,0,0,0,0,0,0,1989.946661,108947.4313,12981378.36,133151.0372,116.6137059,25.73498721
2001_235,0,0,0,0,1,0,0,0,0,0,0,0,0,0,3863.10454,438457.8948,12925242.73,536575.5059,116.1094309,25.734277
2001_236,0,0,0,0,1,0,0,0,0,0,0,0,0,0,5274.524802,646614.4934,12944842.54,790941.0327,116.285499,25.73263799
2001_237,0,0,0,0,0,0,0,0,0,0,0,0,1,0,6932.999197,1076512.844,12952303.2,1316600.696,116.3525192,25.73457826
2001_238,0,1,0,0,0,0,0,0,0,0,0,0,0,0,67575.14103,29322770.24,12962606.13,35885292.75,116.4450703,25.78734081
2001_239,0,0,0,0,0,0,0,0,1,0,0,0,0,0,3503.476492,414527.7185,12968460,506752.5056,116.4976583,25.73120825
2001_240,0,0,0,0,0,0,0,1,0,0,0,0,0,0,16853.17774,3694802.556,12940029.07,4520203.248,116.2422588,25.73561341
2001_241,0,0,0,0,0,0,0,0,1,0,0,0,0,0,2695.263389,221104.1514,12970830,270258.4014,116.5189484,25.72703108
2001_242,0,0,0,0,0,0,0,1,0,0,0,0,0,0,6141.841672,656201.2326,12931552.8,802817.2172,116.1661153,25.72567194
2001_243,0,0,0,0,0,0,0,1,0,0,0,0,0,0,2580.354023,207166.2895,12945675,253358.2949,116.2929772,25.72285392
2001_244,0,0,0,0,0,0,0,1,0,0,0,0,0,0,2580.895658,207253.3192,12963165,253358.2644,116.4500925,25.72285392
2001_245,0,1,0,0,0,0,0,0,0,0,0,0,0,0,2581.075204,207282.0865,12968835,253358.2516,116.501027,25.72285392
2001_246,0,0,0,0,1,0,0,0,0,0,0,0,0,0,2200.067831,203012.6573,12924666.6,248382.5268,116.1042555,25.71908638
2001_247,0,0,0,0,0,0,0,1,0,0,0,0,0,0,4237.555717,419857.9013,12928461.27,513662.7423,116.1383436,25.72084913
2001_248,0,0,0,0,0,0,0,1,0,0,0,0,0,0,4292.005529,415024.853,12932580.33,507701.4501,116.1753457,25.72084036
2001_249,0,0,0,0,0,0,0,0,1,0,0,0,0,0,2580.131891,211189.7263,12936467.31,258317.139,116.2102631,25.71878559
2001_250,0,0,0,0,0,0,0,1,0,0,0,0,0,0,2580.602412,207204.0491,12951915,253349.6001,116.349032,25.7188115
2001_251,0,0,0,0,0,0,0,1,0,0,0,0,0,0,2526.560451,212928.9392,12959124.51,260304.224,116.4137961,25.7187971
2001_252,0,0,0,0,0,0,0,1,0,0,0,0,0,0,6142.886408,639346.3005,12941995.48,781896.6723,116.2599235,25.71735068
2001_253,0,0,0,0,0,0,0,0,1,0,0,0,0,0,2580.175734,212004.8005,12934031.9,259292.4097,116.1883854,25.71048505
2001_254,0,0,0,0,1,0,0,0,0,0,0,0,0,0,5329.357744,867717.7989,12944816.47,1061031.961,116.2852648,25.71264315
2001_255,0,0,0,0,0,0,0,1,0,0,0,0,0,0,6253.338564,1294912.431,12965658.73,1582605.945,116.472494,25.71259384
2001_256,0,0,0,0,1,0,0,0,0,0,0,0,0,0,2252.337093,86886.69981,12921165.28,106294.6316,116.0728026,25.70461392
2001_257,0,0,0,0,1,0,0,0,0,0,0,0,0,0,2965.325054,250133.7746,12924254.13,305973.7463,116.1005501,25.70618638
2001_258,0,0,0,0,0,0,0,0,1,0,0,0,0,0,2640.155278,225827.0802,12935110.04,276171.2312,116.1980705,25.70626837
2001_259,0,0,0,0,0,0,0,1,0,0,0,0,0,0,2694.655953,220993.089,12942840,270210.7478,116.2675099,25.70628
2001_260,0,0,0,0,0,0,0,0,0,0,0,1,0,0,2695.101701,221066.1871,12956730,270210.7557,116.3922859,25.70628
2001_261,0,0,0,0,1,0,0,0,0,0,0,0,0,0,2580.593068,209631.2225,12943933.95,256293.7749,116.2773371,25.70212164
2001_262,0,0,0,0,0,0,0,0,0,0,0,0,1,0,8671.100639,1072034.973,12957469.3,1310314.469,116.3989271,25.70546631
2001_263,0,0,0,0,1,0,0,0,0,0,0,0,0,0,4774.57744,386575.5362,12922318.68,472841.4799,116.0831637,25.69947809
2001_264,0,0,0,0,0,0,0,1,0,0,0,0,0,0,2641.101986,226797.4166,12961494.03,277145.0987,116.4350819,25.69794934
2001_265,0,1,0,0,0,0,0,0,0,0,0,0,0,0,10445.09425,2180433.272,12968195.12,2664300.461,116.4952788,25.70375347
2001_266,0,0,0,0,1,0,0,0,0,0,0,0,0,0,2471.479258,120193.6268,12919396.62,147010.3945,116.0569145,25.69344259
2001_267,0,0,0,0,1,0,0,0,0,0,0,0,0,0,2580.038169,207100.0523,12921405,253295.6403,116.074956,25.6937485
2001_268,0,0,0,0,0,0,0,1,0,0,0,0,0,0,7893.269384,862416.0197,12959148.08,1053965.238,116.4140077,25.70008963
2001_269,0,1,0,0,0,0,0,0,0,0,0,0,0,0,3617.954757,447043.0551,12954139.09,546304.4785,116.3690114,25.68955664
2001_270,0,0,0,0,0,0,0,1,0,0,0,0,0,0,12165.25038,1088060.097,12976723.35,1329104.411,116.5718891,25.69793937
2001_271,0,0,0,0,0,0,0,1,0,0,0,0,0,0,9699.233884,1716167.912,12922340.37,2098811.617,116.0833586,25.69006346
2001_272,0,0,0,0,0,0,0,0,1,0,0,0,0,0,2580.279725,207134.3333,12925635,253277.7019,116.1129548,25.68539417
2001_273,0,1,0,0,0,0,0,0,0,0,0,0,0,0,6934.460767,848508.6725,12951298.63,1036994.366,116.343495,25.69058711
2001_274,0,0,0,0,0,0,0,0,0,0,0,0,0,1,5222.241187,432439.3056,12955973.12,528416.277,116.3854867,25.6875172
2001_275,0,0,0,0,0,0,0,0,0,0,0,0,0,1,2581.263709,207292.5367,12958065,253277.6796,116.4042784,25.68539417
2001_276,0,0,0,0,0,0,0,1,0,0,0,0,0,0,5331.229894,861766.756,12962670.85,1052859.655,116.4456535,25.68753106
2001_277,0,0,0,0,1,0,0,0,0,0,0,0,0,0,2640.113079,225806.5237,12922104.93,276112.5812,116.0812436,25.68124027
2001_278,0,0,0,0,1,0,0,0,0,0,0,0,0,0,2694.404504,220938.208,12923130,270153.2784,116.090452,25.68121701
2001_279,0,0,0,0,0,0,0,1,0,0,0,0,0,0,6198.280779,1071008.835,12940997.71,1309078.514,116.2509603,25.68364859
2001_280,0,0,0,0,0,0,0,0,0,0,0,0,0,1,2695.579128,221131.0658,12960180,270153.2895,116.4232778,25.68121701
2001_281,0,1,0,0,0,0,0,0,0,0,0,0,0,0,9686.128025,2372670.275,12969206.81,2898355.61,116.5043668,25.68800609
2001_282,0,0,0,0,0,0,0,1,0,0,0,0,0,0,2696.125154,221220.6138,12976650,270153.3275,116.5712303,25.68121701
2001_283,0,0,0,0,0,0,0,0,0,0,0,0,0,1,2581.273013,207289.4538,12954585,253259.7111,116.373017,25.67703984
2001_284,0,0,0,0,0,0,0,0,0,0,0,0,0,1,2581.417345,209751.4765,12959206.05,256239.2083,116.4145286,25.67702104
2001_285,0,0,0,0,0,0,0,1,0,0,0,0,0,0,54205.64847,10400471.51,12927276.29,12718131.48,116.1276972,25.69106522
2001_286,0,0,0,0,1,0,0,0,0,0,0,0,0,0,3617.13661,441933.4528,12926085,540268.2631,116.1169972,25.67286267
2001_287,0,0,0,0,0,0,0,0,1,0,0,0,0,0,5278.182759,646608.3243,12976390.06,789564.9063,116.5688952,25.67561508
2001_288,0,0,0,0,1,0,0,0,0,0,0,0,0,0,2580.476695,207156.9025,12924345,253241.7929,116.1013665,25.66868551
2001_289,0,0,0,0,0,0,0,0,1,0,0,0,0,0,2581.995265,209841.1161,12973753.95,256221.1436,116.5452147,25.66870431
2001_290,0,0,0,0,1,0,0,0,0,0,0,0,0,0,5738.821934,551543.234,12919255.69,674320.7279,116.0556485,25.6690959
2001_291,0,0,0,0,0,0,0,0,0,0,0,0,0,1,2527.370494,213037.3539,12961467.25,260184.6094,116.4348414,25.66463589
2001_292,0,1,0,0,0,0,0,0,0,0,0,0,0,0,5276.811709,652753.6878,12948983.41,797416.7494,116.3226971,25.66178436
2001_293,0,0,0,0,0,0,0,0,0,0,0,0,1,0,2641.679928,226063.8504,12963070.04,276063.9502,116.4492394,25.66045429
2001_294,0,0,0,0,0,0,0,1,0,0,0,0,0,0,2696.077253,226080.7793,12966152.59,276063.8703,116.4769305,25.66043684
2001_295,0,0,0,0,0,0,0,1,0,0,0,0,0,0,6825.343893,866197.5944,12931428.24,1058576.293,116.1649963,25.66047351
2001_296,0,0,0,0,0,0,0,0,1,0,0,0,0,0,2581.024265,207238.2614,12936885,253215.2031,116.2140152,25.65628876
2001_297,0,0,0,0,0,0,0,0,0,0,0,0,0,1,10494.14748,2339714.35,12952869.18,2858019.585,116.3576033,25.66304391
2001_298,0,0,0,0,0,0,0,0,0,0,0,0,0,1,2581.735949,207352.664,12960045,253215.2004,116.4220651,25.65628876
2001_299,0,0,0,0,0,0,0,0,0,0,0,0,1,0,2581.84901,207370.8185,12963645,253215.1747,116.4544044,25.65628876
2001_300,0,0,0,0,0,0,0,0,0,1,0,0,0,0,8894.08378,1542472.016,12936224.51,1884725.038,116.208082,25.65689959
2001_301,0,0,0,0,0,0,0,0,0,0,0,0,0,1,2695.698447,221134.8464,12950850,270086.6197,116.339465,25.65211159
2001_302,0,0,0,0,0,0,0,0,0,0,0,1,0,0,34939.03528,8429705.165,12958774.76,10296384.14,116.4106548,25.66720781
2001_303,0,0,0,0,0,0,0,0,0,0,0,1,0,0,4354.769911,434242.494,12961362.14,530252.8028,116.4338971,25.65416459
2001_304,0,0,0,0,0,0,0,0,0,0,0,0,0,1,2696.067024,221195.2341,12962160,270086.6434,116.4410644,25.65211159
2001_305,0,0,0,0,1,0,0,0,0,0,0,0,0,0,2580.731839,207999.3298,12923115.24,254190.1884,116.0903193,25.64792706
2001_306,0,0,0,0,0,0,0,1,0,0,0,0,0,0,13135.39431,2592454.524,12949412.71,3166677.993,116.3265534,25.65624439
2001_307,0,0,0,0,0,0,0,0,0,0,0,0,0,1,2581.616792,207329.0911,12952455,253197.2483,116.3538829,25.64793442
2001_308,0,0,0,0,0,0,0,0,0,0,0,0,1,0,2527.495325,212236.3451,12958111.32,259154.8554,116.4046945,25.64793752
2001_309,0,0,0,0,0,0,0,0,0,0,0,0,0,1,5277.896698,637547.1259,12960493.47,778467.0094,116.4260937,25.64938915
2001_310,0,0,0,0,0,0,0,0,1,0,0,0,0,0,2695.07652,221028.2072,12927300,270067.517,116.1279117,25.64375726
2001_311,0,0,0,0,0,0,0,0,1,0,0,0,0,0,2640.843273,225911.8579,12928842.52,276024.8824,116.1417684,25.64375144
2001_312,0,0,0,0,0,0,0,1,0,0,0,0,0,0,2695.187719,221046.542,12930900,270067.5258,116.1602511,25.64375726
2001_313,0,0,0,0,0,0,0,1,0,0,0,0,0,0,7917.100071,1074356.803,12932680.92,1312653.963,116.1762493,25.64793279
2001_314,0,0,0,0,0,0,0,1,0,0,0,0,0,0,3619.027937,444787.0937,12955336.81,543113.6891,116.3797707,25.64374765
2001_315,0,0,0,0,0,0,0,1,0,0,0,0,0,0,1341.843056,55248.40351,12918588.97,67513.81809,116.0496592,25.63841889
2001_316,0,0,0,0,0,0,0,0,1,0,0,0,0,0,2581.344138,207280.7922,12939705,253179.3194,116.2393477,25.63958009
2001_317,0,0,0,0,0,0,0,1,0,0,0,0,0,0,17546.29448,2370429.847,12928295.17,2896257.71,116.1368513,25.64302994
2001_318,0,1,0,0,0,0,0,0,0,0,0,0,0,0,14010.05233,2386820.796,12945958.72,2915151.14,116.2955259,25.64418674
2001_319,0,0,0,0,0,0,0,0,0,0,0,1,0,0,7811.250077,654645.9215,12958233,799252.4262,116.4057876,25.63958712
2001_320,0,0,0,0,0,0,0,0,0,0,0,0,0,1,6147.003971,657112.3782,12958963.89,802211.5379,116.4123533,25.63671805
2001_321,0,0,0,0,0,0,0,0,0,0,0,1,0,0,2696.31718,223667.118,12962400.82,273026.8629,116.4432277,25.63538382
2001_322,0,0,0,0,0,0,0,0,0,0,0,0,1,0,2642.027607,226110.2729,12962920.04,276005.3271,116.447892,25.63539129
2001_323,0,0,0,0,0,0,0,1,0,0,0,0,0,0,7989.826465,1092857.725,12920124.25,1335340.73,116.0634509,25.63461097
2001_324,0,0,0,0,1,0,0,0,0,0,0,0,0,0,2581.004489,207221.7479,12924405,253161.4089,116.1019055,25.63122576
2001_325,0,0,0,0,0,0,0,0,0,0,0,0,0,1,7859.593412,1285573.185,12952061.79,1569638.14,116.3503505,25.63403662
2001_326,0,0,0,0,0,0,0,0,0,0,0,0,0,1,8729.406151,1057329.053,12962101.18,1290672.711,116.440536,25.63541827
2001_327,0,0,0,0,0,0,0,0,0,0,0,0,1,0,2582.197033,207413.3239,12963495,253161.4421,116.4530569,25.63122576
2001_328,0,1,0,0,0,0,0,0,0,0,0,0,0,0,8710.887348,1295783.24,12967523.35,1581598.54,116.4892442,25.63751634
2001_329,0,0,0,0,0,0,0,0,0,0,0,0,0,1,2582.376373,207442.0467,12969165,253161.3995,116.5039914,25.63122576
2001_330,0,0,0,0,0,0,0,0,0,0,0,1,0,0,7071.272546,883472.1613,12970259.75,1078199.096,116.5138257,25.63442396
2001_331,0,0,0,0,0,0,0,1,0,0,0,0,0,0,1935.081554,125131.5807,12917917.6,152884.78,116.0436282,25.62746334
2001_332,0,0,0,0,0,0,0,1,0,0,0,0,0,0,5224.199657,433515.2849,12960954.79,529147.4195,116.4302379,25.62908042
2001_333,0,0,0,0,0,0,0,1,0,0,0,0,0,0,2580.944587,208020.0733,12918345.24,254136.24,116.0474697,25.62286406
2001_334,0,0,0,0,0,0,0,1,0,0,0,0,0,0,2526.689778,212088.0227,12919383.97,259099.8555,116.0568008,25.62288072
2001_335,0,0,0,0,0,0,0,0,1,0,0,0,0,0,3505.690538,423004.9643,12964911.35,516214.364,116.4657802,25.62288438
2001_336,0,0,0,0,0,0,0,0,1,0,0,0,0,0,2582.432033,207446.642,12967215,253143.5437,116.4864743,25.62287143
2001_337,0,0,0,0,0,0,0,1,0,0,0,0,0,0,21812.64927,3225947.128,12934046.43,3940512.074,116.1885159,25.63508865
2001_338,0,0,0,0,0,0,0,0,1,0,0,0,0,0,45226.56346,11443729.39,12935567.35,13979864.31,116.2021786,25.64289872
2001_339,0,1,0,0,0,0,0,0,0,0,0,0,0,0,8709.358924,861104.5348,12948284.39,1051308.217,116.3164176,25.62489709
2001_340,0,0,0,0,0,0,0,1,0,0,0,0,0,0,8788.78664,877444.6661,12951640.85,1071153.931,116.3465694,25.62389796
2001_341,0,0,0,0,1,0,0,0,0,0,0,0,0,0,2642.587895,226197.3634,12972935.07,275966.2895,116.5378586,25.618671
2001_342,0,0,0,0,0,0,0,0,1,0,0,0,0,0,2696.994877,221329.4173,12975510,270010.2211,116.5609895,25.61869426
2001_343,0,0,0,0,0,0,0,0,0,1,0,0,0,0,2528.037544,212307.997,12959191.32,259072.6821,116.4143963,25.61047777
2001_344,0,1,0,0,0,0,0,0,0,0,0,0,0,0,9708.646539,2124972.19,12966186.25,2592785.069,116.4772328,25.61380766
2001_345,0,0,0,0,0,0,0,1,0,0,0,0,0,0,2695.430215,225129.6745,12921181.9,274944.7525,116.0729519,25.60627076
2001_346,0,0,0,0,0,0,0,1,0,0,0,0,0,0,7177.292279,1062393.519,12927110.55,1297339.07,116.1262099,25.60960537
2001_347,0,0,0,0,0,0,0,1,0,0,0,0,0,0,4541.986592,675565.7873,12932506.19,824834.435,116.1746797,25.60629994
2001_348,0,0,0,0,0,0,0,0,0,0,0,0,0,1,2696.252423,222827.4529,12947429.56,271967.0856,116.3087387,25.60631128
2001_349,0,0,0,0,0,0,0,0,0,0,0,0,0,1,2642.04077,225283.7218,12950513.34,274944.8237,116.3364407,25.60631454
2001_350,0,0,0,0,0,0,0,0,0,0,0,0,0,1,21739.75422,4054819.026,12952841.81,4949647.394,116.3573572,25.62160125
2001_351,0,0,0,0,0,0,0,0,0,0,0,1,0,0,2697.18183,223794.9491,12975719.18,272959.6897,116.5628686,25.60631662
2001_352,0,1,0,0,0,0,0,0,0,0,0,0,0,0,425314.4894,180910453,12974929.58,221320111.2,116.5557783,25.78408795
2001_353,0,0,0,0,0,0,0,1,0,0,0,0,0,0,5168.678595,432473.4855,12929964.36,528043.6991,116.1518461,25.60424591
2001_354,0,0,0,0,0,0,0,0,0,0,0,0,0,1,3505.718263,422161.1721,12954937.54,515131.067,116.376184,25.60210632
2001_355,0,0,0,0,0,0,0,0,0,1,0,0,0,0,18940.7407,2357351.365,12975406.52,2875764.095,116.5600598,25.61691296
2001_356,0,1,0,0,0,0,0,0,0,0,0,0,0,0,1545.153868,66735.50415,12976581.22,81388.25652,116.5706125,25.60144661
2001_357,0,1,0,0,0,0,0,0,0,0,0,0,0,0,1196.844702,46391.08417,12976579.21,56572.5006,116.5705944,25.59670681
2001_358,0,0,0,0,0,0,0,1,0,0,0,0,0,0,6146.13331,651956.4643,12926820.82,795984.4023,116.1236072,25.59660545
2001_359,0,1,0,0,0,0,0,0,0,0,0,0,0,0,10448.44365,1502994.559,12948830.46,1834196.505,116.3213231,25.60034005
2001_360,0,0,0,0,0,0,0,0,0,0,0,0,0,1,2582.323155,209853.6033,12950686.05,256058.6119,116.3379922,25.59374721
2001_361,0,0,0,0,0,0,0,0,0,0,0,0,0,1,2528.037586,211485.794,12951727.62,258043.6185,116.3473487,25.59378156
2001_362,0,0,0,0,0,0,0,0,0,0,0,0,0,1,2528.146541,211504.1126,12955327.62,258043.6389,116.3796881,25.59378156
2001_363,0,0,0,0,0,0,0,0,0,0,0,0,0,1,9580.358279,1731035.255,12956694.11,2112118.853,116.3919635,25.6011143
2001_364,0,0,0,0,0,0,0,1,0,0,0,0,0,0,2528.367508,211541.057,12962527.62,258043.6437,116.4443668,25.59378156
2001_365,0,0,0,0,0,0,0,0,0,0,0,1,0,0,7700.327779,641303.9235,12974804.12,782098.2647,116.5546485,25.59794113
2001_366,0,1,0,0,0,0,0,0,0,0,0,0,0,0,1419.790046,63484.73993,12976704.62,77412.41632,116.5717209,25.59273986
2001_367,0,0,0,0,0,0,0,1,0,0,0,0,0,0,8950.941964,1301606.346,12930377.98,1588962.857,116.1555615,25.59449084
2001_368,0,0,0,0,0,0,0,0,0,0,0,0,0,1,7105.988372,881624.521,12946332.47,1075833.56,116.2988832,25.59269574
2001_369,0,0,0,0,0,0,0,0,0,0,0,1,0,0,7071.794181,1085175.574,12954744.38,1323933.608,116.3744488,25.59120521
2001_370,0,0,0,0,1,0,0,0,0,0,0,0,0,0,1430.008375,64214.5644,12919168.29,78400.53813,116.0548633,25.58620993
2001_371,0,0,0,0,0,0,0,1,0,0,0,0,0,0,2528.139712,211498.5113,12951337.62,258025.4467,116.3438453,25.58542723
2001_372,0,0,0,0,0,0,0,0,0,0,0,0,0,1,2528.341845,211532.5584,12958012.39,258025.3612,116.4038058,25.58539613
2001_373,0,0,0,0,0,0,0,0,0,0,0,0,0,1,2582.700334,209910.8111,12959053.95,256040.5852,116.4131623,25.58543048
2001_374,0,1,0,0,0,0,0,0,0,0,0,0,0,0,54403.9956,17843437.9,12972803.27,21769638.49,116.5366724,25.61903003
2001_375,0,0,0,0,0,0,0,1,0,0,0,0,0,0,7810.255658,1086059.33,12923237.38,1325862.944,116.0914166,25.58625103
2001_376,0,0,0,0,0,0,0,0,1,0,0,0,0,0,41032.20215,6453121.485,12945599.31,7875675.729,116.2922972,25.59952392
2001_377,0,0,0,0,0,0,0,0,0,0,0,1,0,0,3620.346682,445001.9627,12953713.19,542826.6002,116.3651854,25.58124412
2001_378,0,0,0,0,0,0,0,0,0,0,0,0,0,1,2696.927303,223738.9848,12957059.18,272901.8681,116.395243,25.58125362
2001_379,0,0,0,0,0,0,0,0,0,0,0,1,0,0,6148.910082,875431.0408,12958189.97,1067799.591,116.405401,25.58224637
2001_380,0,1,0,0,0,0,0,0,0,0,0,0,0,0,4355.076906,432636.8947,12937292.49,527932.0506,116.2176757,25.57921837
2001_381,0,0,0,0,0,0,0,0,0,1,0,0,0,0,2528.007767,211472.3612,12943227.46,258007.158,116.2709905,25.57705217
2001_382,0,0,0,0,0,0,0,0,1,0,0,0,0,0,3505.869763,414830.2313,12945540,506091.0588,116.2917644,25.57705735
2001_383,0,1,0,0,0,0,0,0,0,0,0,0,0,0,8051.001,821315.9835,12977100.16,1001302.774,116.5752742,25.58136793
2001_384,0,1,0,0,0,0,0,0,0,0,0,0,0,0,2641.978986,225255.9888,12933516.66,274867.1749,116.1837569,25.57286316
2001_385,0,0,0,0,0,0,0,0,0,0,0,1,0,0,2696.604762,221240.5041,12943290,269905.68,116.2715523,25.57288018
2001_386,0,0,0,0,0,0,0,0,0,0,0,0,0,1,11541.10448,1537267.082,12944463.6,1875542.924,116.2820949,25.57889362
2001_387,0,0,0,0,0,0,0,1,0,0,0,0,0,0,348617.4708,72233233.06,12947698.21,88252185.31,116.3111472,25.66716801
2001_388,0,0,0,0,0,0,0,0,1,0,0,0,0,0,5170.734437,432787.066,12950458.2,527912.8512,116.3359453,25.57491659
2001_389,0,0,0,0,0,0,0,1,0,0,0,0,0,0,2696.91874,223732.98,12953069.18,272882.633,116.3594002,25.57289929
2001_390,0,0,0,0,0,0,0,0,1,0,0,0,0,0,6093.075897,864409.0786,12931754.3,1054797.085,116.1679253,25.57084072
2001_391,0,0,0,0,0,0,0,0,0,0,0,0,0,1,2582.465318,207423.1207,12943875,253027.6563,116.2768075,25.56870302
2001_392,0,0,0,0,0,0,0,0,1,0,0,0,0,0,2582.958807,207502.364,12959805,253027.6476,116.4199091,25.56870302
2001_393,0,0,0,0,0,0,0,1,0,0,0,0,0,0,2583.055849,207518.1035,12962895,253027.6655,116.447667,25.56870302
2001_394,0,0,0,0,0,0,0,1,0,0,0,0,0,0,2583.088141,207523.1674,12963915,253027.6556,116.4568299,25.56870302
2001_395,0,0,0,0,0,0,0,0,0,0,0,1,0,0,12166.97142,1504241.946,12974753.48,1833826.195,116.5541935,25.57644296
2001_396,0,0,0,0,1,0,0,0,0,0,0,0,0,0,1087.557154,29267.20157,12919050,35720.62965,116.0538007,25.56564874
2001_397,0,0,0,0,0,0,0,0,1,0,0,0,0,0,2642.891063,225407.1875,12958836.66,274847.7757,116.4112104,25.56450882
2001_398,0,0,0,0,1,0,0,0,0,0,0,0,0,0,2697.807769,221433.5941,12976320,269886.6368,116.5682659,25.56452585
2001_399,0,0,0,0,1,0,0,0,0,0,0,0,0,0,2799.093196,316264.7037,12919186.93,385964.3807,116.0550308,25.56046161
2001_400,0,0,0,0,0,0,0,0,1,0,0,0,0,0,2582.570618,207435.5839,12943485,253009.8419,116.2733041,25.56034868
2001_401,0,0,0,0,0,0,0,0,0,0,0,0,1,0,8104.363292,1742493.108,12944466.72,2125330.66,116.282123,25.56303117
2001_402,0,0,0,0,0,0,0,0,0,0,0,0,0,1,4355.911472,431980.3199,12946797.04,526865.3432,116.3030566,25.56249957
2001_403,0,0,0,0,0,0,0,0,0,0,0,0,0,1,34115.28632,6931942.823,12950415.98,8455535.666,116.3355657,25.57490313
2001_404,0,0,0,0,0,0,0,0,0,0,0,1,0,0,4297.448371,416798.9003,12972570.59,507995.4342,116.5345843,25.55834221
2001_405,0,0,0,0,1,0,0,0,0,0,0,0,0,0,2583.645745,207606.2068,12975945,253001.1737,116.5648972,25.55630627
2001_406,0,0,0,0,1,0,0,0,0,0,0,0,0,0,3619.498262,363430.7738,12918220.91,443479.652,116.0463528,25.55189427
2001_407,0,0,0,0,0,0,0,1,0,0,0,0,0,0,9707.426075,1915901.525,12927306.14,2337548.236,116.1279669,25.55710114
2001_408,0,0,0,0,0,0,0,0,0,0,0,1,0,0,2697.179188,221323.7022,12951840,269858.4262,116.3483583,25.5521291
2001_409,0,0,0,0,1,0,0,0,0,0,0,0,0,0,2697.994602,221457.547,12976530,269858.4329,116.5701523,25.5521291
2001_410,0,1,0,0,0,0,0,0,0,0,0,0,0,0,25490.71183,6411448.036,12935456.1,7821361.9,116.2011792,25.55861705
2001_411,0,0,0,0,0,0,0,0,0,0,0,1,0,0,16564.41183,2799280.018,12943492.15,3413990.704,116.2733685,25.55501855
2001_412,0,0,0,0,0,0,0,1,0,0,0,0,0,0,16357.76754,1942096.538,12951292.77,2368399.876,116.3434422,25.56182396
2001_413,0,0,0,0,0,0,0,1,0,0,0,0,0,0,2583.389585,207560.5571,12964245,252983.371,116.4597943,25.54795193
2001_414,0,0,0,0,0,0,0,0,1,0,0,0,0,0,2697.154824,221315.3114,12947340,269839.4101,116.3079341,25.54377477
2001_415,0,0,0,0,0,0,0,0,0,0,0,1,0,0,7923.024437,862511.3441,12949492.3,1051597.927,116.3272686,25.54578987
2001_416,0,0,0,0,0,0,0,0,0,1,0,0,0,0,2698.015818,221456.5856,12973560,269839.41,116.5434724,25.54377477
2001_417,0,0,0,0,0,0,0,1,0,0,0,0,0,0,10339.71413,1073382.571,12922530.07,1309542.95,116.0850627,25.54632557
2001_418,0,0,0,0,0,0,0,0,0,0,0,1,0,0,14827.05054,2789033.469,12946623.76,3400936.594,116.3015,25.54957354
2001_419,0,0,0,0,0,0,0,0,0,0,0,0,1,0,9716.383664,1284811.402,12949096.14,1566421.502,116.3237098,25.54105243
2001_420,0,0,0,0,0,0,0,0,0,0,0,0,0,1,11212.42242,1090345.048,12950274.17,1329394.433,116.3342923,25.54720419
2001_421,0,0,0,0,0,0,0,1,0,0,0,0,0,0,858653.3314,188116041.8,12957782.06,230146614.6,116.4017514,25.76213235
2001_422,0,0,0,0,0,0,0,0,0,0,0,1,0,0,5281.377668,657757.7283,12967072.87,801572.8053,116.4851975,25.54244597
2001_423,0,0,0,0,0,0,0,0,0,1,0,0,0,0,2583.608763,207591.303,12967455,252965.57,116.4886302,25.5395976
2001_424,0,0,0,0,0,0,0,0,0,0,0,1,0,0,7702.397215,866271.7243,12972917.76,1055548.217,116.5377031,25.54377097
2001_425,0,0,0,0,0,0,0,0,1,0,0,0,0,0,2642.255879,224470.0798,12925369.57,273788.3645,116.1105703,25.53542825
2001_426,0,0,0,0,0,0,0,0,0,0,0,0,1,0,3566.609193,449950.1749,12944128.84,548568.7056,116.2790877,25.53541824
2001_427,0,0,0,0,0,0,0,0,1,0,0,0,0,0,6148.78168,639367.2734,12932254.58,779683.7543,116.1724195,25.53270183
2001_428,0,0,0,0,0,0,0,0,0,0,0,0,0,1,11350.16823,1277489.542,12947722.72,1557491.985,116.3113718,25.54095829
2001_429,0,0,0,0,0,0,0,1,0,0,0,0,0,0,5170.329844,431859.0168,12922891.33,526716.9537,116.0883079,25.52910457
2001_430,0,0,0,0,0,0,0,0,1,0,0,0,0,0,3620.681635,442547.1237,12933465,539602.8662,116.1832929,25.5270661
2001_431,0,1,0,0,0,0,0,0,0,0,0,0,0,0,7976.665202,1519649.622,12935558.15,1852966.02,116.2020959,25.53123851
2001_432,0,1,0,0,0,0,0,0,0,0,0,0,0,0,11320.20591,1935404.884,12937654.77,2359926.312,116.2209302,25.53490518
2001_433,0,0,0,0,0,0,0,1,0,0,0,0,0,0,2528.000022,210629.7759,12917848.78,256897.4433,116.04301,25.52288686
2001_434,0,0,0,0,0,0,0,1,0,0,0,0,0,0,30741.117,8205658.771,12926668.55,10008149.03,116.1222391,25.53535156
2001_435,1,0,0,0,0,0,0,0,0,0,0,0,0,0,2583.207157,207517.9111,12947145,252929.9319,116.3061824,25.52288894
2001_436,0,1,0,0,0,0,0,0,0,0,0,0,0,0,4356.757168,432125.4971,12946397.55,526679.6945,116.2994679,25.52071166
2001_437,0,0,0,0,1,0,0,0,0,0,0,0,0,0,2643.871787,224736.1945,12969303.59,273749.7902,116.5052364,25.51869224
2001_438,0,0,0,0,0,0,0,0,0,1,0,0,0,0,2644.005806,224759.1907,12973418.15,273749.7896,116.5421981,25.51870005
2001_439,0,0,0,0,1,0,0,0,0,0,0,0,0,0,1930.399873,98403.93124,12915561.94,120009.5505,116.022467,25.51479742
2001_440,0,0,0,0,0,0,0,0,1,0,0,0,0,0,2582.860718,210711.8099,12931846.62,256879.3445,116.1687547,25.51451171
2001_441,0,0,0,0,0,0,0,0,1,0,0,0,0,0,2529.351917,211664.9823,12959604.92,257871.1788,116.4181118,25.51452424
2001_442,0,0,0,0,0,0,0,0,0,0,0,1,0,0,2584.136009,207662.728,12972975,252912.1318,116.5382172,25.5145346
2001_443,0,1,0,0,0,0,0,0,0,0,0,0,0,0,2642.649466,224523.8431,12926784.13,273730.5868,116.1232776,25.51037306
2001_444,0,0,0,0,0,0,0,0,1,0,0,0,0,0,3621.040665,446669.4356,12933198.28,544485.7277,116.1808969,25.51034394
2001_445,0,0,0,0,0,0,0,1,0,0,0,0,0,0,16845.24932,2560875.671,12943313.83,3121342.8,116.2717666,25.5187006
2001_446,0,0,0,0,0,0,0,1,0,0,0,0,0,0,13956.57275,1924496.001,12923021.98,2346601.281,116.0894816,25.51318656
2001_447,0,1,0,0,0,0,0,0,0,0,0,0,0,0,2583.527649,207560.527,12949965,252894.3196,116.3315149,25.50618027
2001_448,0,0,0,0,0,0,0,1,0,0,0,0,0,0,17590.96902,3437987.142,12917663.19,4192198.347,116.0413427,25.50909581
2001_449,0,0,0,0,0,0,0,0,1,0,0,0,0,0,2582.901448,207457.7177,12927435,252885.7286,116.1291245,25.50213785
2001_450,0,0,0,0,0,0,0,0,1,0,0,0,0,0,2583.008913,207474.9657,12931035,252885.729,116.1614638,25.50213785
2001_451,0,1,0,0,0,0,0,0,0,0,0,0,0,0,2583.412779,210795.3501,12944386.62,256852.5174,116.2814035,25.50211496
2001_452,0,0,0,0,0,0,0,0,1,0,0,0,0,0,124247.8457,23104476.76,12973799.49,28161097.34,116.5456213,25.56287329
2001_453,0,0,0,0,1,0,0,0,0,0,0,0,0,0,3508.775355,417022.5194,12975481.29,507754.8031,116.5607316,25.50213101
2001_454,0,0,0,0,0,0,0,0,1,0,0,0,0,0,5226.85444,654386.1451,12945290.15,797314.8157,116.28952,25.49930715
2001_455,0,0,0,0,0,0,0,1,0,0,0,0,0,0,7702.229395,639845.4996,12953127.63,779482.2539,116.3599253,25.50200585
2001_456,0,0,0,0,0,0,0,0,1,0,0,0,0,0,907948.8019,369090268.8,12954487.86,450817054.9,116.3721303,25.66020075
2001_457,0,0,0,0,0,0,0,0,1,0,0,0,0,0,2698.615602,221530.2457,12971700,269735.2719,116.5267637,25.49796069
2001_458,0,0,0,0,0,0,0,0,0,0,0,1,0,0,5228.541477,433284.8868,12972174.47,527579.5385,116.531026,25.4999895
2001_459,0,0,0,0,0,0,0,0,0,1,0,0,0,0,9478.230179,865740.4706,12972876.2,1054204.491,116.5373296,25.5041782
2001_460,0,0,0,0,0,0,0,0,1,0,0,0,0,0,3506.929617,418196.8164,12927302.8,509702.3975,116.1279369,25.49377199
2001_461,0,0,0,0,0,0,0,0,1,0,0,0,0,0,6150.415087,1074983.076,12936381.02,1309974.1,116.2094879,25.49550494
2001_462,0,0,0,0,0,0,0,0,1,0,0,0,0,0,4432.008709,624369.9854,12949663.48,760587.1874,116.3288062,25.49378809
2001_463,0,1,0,0,0,0,0,0,0,0,0,0,0,0,97918.23344,39932146.95,12959845.94,48671831.04,116.4202732,25.54265236
2001_464,0,0,0,0,0,0,0,0,0,0,1,0,0,0,2697.345755,222944.6529,12928650.44,271699.4866,116.1400429,25.48959259
2001_465,1,0,0,0,0,0,0,0,0,0,0,0,0,0,2643.026419,224577.451,12929685,273682.7531,116.1493365,25.48960636
2001_466,0,0,0,0,0,0,0,1,0,0,0,0,0,0,5335.548055,864357.6137,12941461.36,1053101.388,116.2551253,25.49160422
2001_467,0,0,0,0,0,0,0,0,1,0,0,0,0,0,5282.171639,656239.2934,12956723.19,799242.0304,116.3922247,25.49094948
2001_468,0,0,0,0,0,0,0,0,1,0,0,0,0,0,3622.574895,449458.7579,12958209.13,547365.6041,116.4055732,25.48962198
2001_469,0,0,0,0,0,0,0,1,0,0,0,0,0,0,305731.5911,51597169.87,12973212.72,62934757.25,116.5403482,25.60468062
2001_470,0,1,0,0,0,0,0,0,0,0,0,0,0,0,114.2996159,814.6112299,12975885,991.5824324,116.5643582,25.48677666
2001_471,0,1,0,0,0,0,0,0,0,0,0,0,0,0,1120.250638,26852.99007,12930767.73,32722.16219,116.1590628,25.48685016
2001_472,0,1,0,0,0,0,0,0,0,0,0,0,0,0,288.5158575,3258.448135,12975840,3966.302447,116.563954,25.48623767
2001_473,0,1,0,0,0,0,0,0,0,0,0,0,0,0,114.2376594,813.7287556,12930555,991.5717094,116.1571519,25.48569868
2001_474,0,0,0,0,0,0,0,1,0,0,0,0,0,0,1452.032806,39879.98052,12938505,48587.43916,116.228568,25.48678766
2001_475,0,0,0,0,0,0,0,1,0,0,0,0,0,0,1430.876727,61041.87274,12939225,74368.15533,116.2350358,25.48618377
2001_476,1,0,0,0,0,0,0,0,0,0,0,0,0,0,2583.15767,209117.4129,12928214.42,254833.3695,116.1361261,25.48544282
2001_477,0,0,0,0,0,0,0,0,1,0,0,0,0,0,2583.404192,207529.6606,12936435,252850.1769,116.2099728,25.48542919
2001_478,0,0,0,0,1,0,0,0,0,0,0,0,0,0,4848.423561,603615.6883,12975565.08,734769.3364,116.5614843,25.48809759
2001_479,0,1,0,0,0,0,0,0,0,0,0,0,0,0,2920.388236,214007.2417,12929747.4,260782.5897,116.1498971,25.48536053
2001_480,0,1,0,0,0,0,0,0,0,0,0,0,0,0,114.2378914,813.7329805,12929745,991.5464749,116.1498755,25.48273424
2001_481,0,1,0,0,0,0,0,0,0,0,0,0,0,0,30401.29332,10306424.98,12934075.62,12560665.77,116.1887777,25.49913356
2001_482,0,0,0,0,0,0,0,1,0,0,0,0,0,0,1539.62073,82206.0443,12939270.15,100145.7454,116.2354414,25.48218191
2001_483,0,0,0,0,0,0,0,0,1,0,0,0,0,0,5227.575609,639896.2101,12949977.94,779363.9631,116.3316311,25.48397337
2001_484,0,0,0,0,0,0,0,0,0,0,0,0,1,0,2698.591275,221517.2699,12963720,269697.3777,116.4550782,25.48125202
2001_485,0,0,0,0,0,0,0,0,0,0,0,1,0,0,2644.247373,224780.5911,12964750.44,273663.5235,116.4643347,25.48124421
2001_486,0,0,0,0,0,0,0,1,0,0,0,0,0,0,114.2383889,813.7413372,12928815,991.5156542,116.1415212,25.47896132
2001_487,0,0,0,0,0,0,0,0,1,0,0,0,0,0,3453.885358,421745.1295,12950691.08,513596.8773,116.3380374,25.47708526
2001_488,0,0,0,0,0,0,0,0,1,0,0,0,0,0,3454.228171,421825.1357,12958911.08,513596.889,116.4118789,25.47708526
2001_489,0,1,0,0,0,0,0,0,0,0,0,0,0,0,8739.056089,1212439.113,12928099.05,1477381.919,116.1350897,25.48088757
2001_490,0,1,0,0,0,0,0,0,0,0,0,0,0,0,1245.595223,49639.6031,12927630.74,60478.66775,116.1308828,25.47155685
2001_491,0,0,0,0,0,0,0,0,0,0,0,0,1,0,6153.177039,1072632.927,12964222.32,1305785.82,116.4595905,25.47532243
2001_492,0,1,0,0,0,0,0,0,0,0,0,0,0,0,560.1744476,9765.782228,12928627.5,11896.99295,116.1398369,25.46696881
2001_493,0,0,0,0,0,0,0,0,1,0,0,0,0,0,3454.173676,420983.1396,12953382.62,512569.3176,116.3622159,25.46871688
2001_494,0,0,0,0,0,0,0,1,0,0,0,0,0,0,2584.229042,207653.3892,12955695,252814.6789,116.3829883,25.46872053
2001_495,0,1,0,0,0,0,0,0,0,0,0,0,0,0,2529.914717,210921.2,12957751.22,256780.408,116.4014597,25.46872261
2001_496,0,0,0,0,0,0,0,0,1,0,0,0,0,0,2584.602803,207713.3006,12967515,252814.6501,116.4891692,25.46872052
2001_497,0,0,0,0,0,0,0,1,0,0,0,0,0,0,4359.026608,432549.2082,12969797.55,526458.8301,116.5096736,25.47085517
2001_498,0,0,0,0,1,0,0,0,0,0,0,0,0,0,4359.277286,432598.8698,12974422.29,526458.8638,116.5512184,25.47086329
2001_499,0,0,0,0,1,0,0,0,0,0,0,0,0,0,2262.433675,154580.342,12916211.68,188372.6542,116.0283037,25.46931909
2001_500,0,0,0,0,0,0,0,1,0,0,0,0,0,0,4651.450038,473768.0215,12941266.39,577022.4119,116.253374,25.47080054
2001_501,0,0,0,0,0,0,0,1,0,0,0,0,0,0,15813.68046,2365451.125,12953303.1,2880130.85,116.3615014,25.46981799
2001_502,0,0,0,0,0,0,0,0,0,0,0,1,0,0,5228.920216,657295.0588,12963270.06,800064.8701,116.4510362,25.46586061
2001_503,0,0,0,0,1,0,0,0,0,0,0,0,0,0,2528.901012,197729.2077,12919871.67,240900.8322,116.0611819,25.46048819
2001_504,0,1,0,0,0,0,0,0,0,0,0,0,0,0,61757.15003,25762768.43,12941584.81,31389289.12,116.2562349,25.49357707
2001_505,0,0,0,0,0,0,0,0,0,0,0,0,1,0,3509.130517,415406.343,12962760,505593.8408,116.4464543,25.46036619
2001_506,0,1,0,0,0,0,0,0,0,0,0,0,0,0,1366831.484,800827964.6,12937738.02,979940114.6,116.2215437,25.74477831
2001_507,0,0,0,0,0,0,0,0,1,0,0,0,0,0,2699.102676,221587.5523,12968220,269640.5989,116.4955023,25.45618903
2001_508,0,0,0,0,0,0,0,0,1,0,0,0,0,0,1675.421875,79791.75169,12943255.71,97147.53395,116.2712443,25.45329058
2001_509,0,0,0,0,0,0,0,1,0,0,0,0,0,0,2306.125291,159509.3926,12923145,194294.2896,116.0905867,25.45277222
2001_510,0,0,0,0,0,0,0,0,0,1,0,0,0,0,2584.648844,207711.9366,12961605,252779.1806,116.4360788,25.45201186
2001_511,0,0,0,0,0,0,0,0,0,0,0,1,0,0,2584.664514,207714.415,12962115,252779.1716,116.4406602,25.45201186
2001_512,0,0,0,0,0,0,0,1,0,0,0,0,0,0,122302.7213,33567675.09,12947232.12,40891070.9,116.3069631,25.49043449
2001_513,0,1,0,0,0,0,0,0,0,0,0,0,0,0,6039.349491,834052.5168,12958303.77,1015064.635,116.4064233,25.44998855
2001_514,0,0,0,0,1,0,0,0,0,0,0,0,0,0,2530.572477,211020.147,12969898.78,256735.6432,116.5105831,25.44796736
2001_515,0,0,0,0,0,0,0,1,0,0,0,0,0,0,282.933237,3257.153869,12945735,3964.959641,116.2935161,25.44574611
2001_516,0,1,0,0,0,0,0,0,0,0,0,0,0,0,14158.44716,4112346.449,12925153.86,5009067.785,116.1086324,25.45378819
2001_517,0,1,0,0,0,0,0,0,0,0,0,0,0,0,19245.17384,4135560.393,12928409.13,5036671.362,116.1378751,25.45016921
2001_518,0,0,0,0,0,0,0,0,0,1,0,0,0,0,2530.275547,210966.3136,12956676.08,256717.6493,116.3918016,25.43962551
2001_519,0,1,0,0,0,0,0,0,0,0,0,0,0,0,114.3121352,814.8061573,12968985,991.1662825,116.5023745,25.43692016
2001_520,0,0,0,0,0,0,0,0,1,0,0,0,0,0,6097.374228,862807.3945,12926141.83,1050640.094,116.1175077,25.43746602
2001_521,0,0,0,0,0,0,0,0,1,0,0,0,0,0,223266.9245,86273767.63,12966807.67,105178286.4,116.4827961,25.56535488
2001_522,0,0,0,0,1,0,0,0,0,0,0,0,0,0,6890.345953,888129.1071,12968460.61,1080372.193,116.4976637,25.43714194
2001_523,0,1,0,0,0,0,0,0,0,0,0,0,0,0,1240.307381,52911.21083,12925278.23,64421.16564,116.1097499,25.42845389
2001_524,0,1,0,0,0,0,0,0,0,0,0,0,0,0,1349.120701,38262.11888,12929129.68,46581.4543,116.144348,25.42842822
2001_525,0,1,0,0,0,0,0,0,0,0,0,0,0,0,114.2617968,814.0919877,12928875,991.0836847,116.1420602,25.42694886
2001_526,0,0,0,0,0,0,0,1,0,0,0,0,0,0,208009.2204,50081642.17,12958894.07,60997118.28,116.4117235,25.49648642
2001_527,0,0,0,0,0,0,0,0,1,0,0,0,0,0,114.2856183,814.432224,12946065,991.0626852,116.2964806,25.42479291
2001_528,0,0,0,0,0,0,0,0,1,0,0,0,0,0,114.2859141,814.4365265,12946035,991.0641894,116.2962111,25.42452341
2001_529,0,0,0,0,0,0,0,0,1,0,0,0,0,0,114.2858982,814.4362882,12946005,991.0601683,116.2959416,25.42425392
2001_530,0,0,0,0,0,0,0,0,1,0,0,0,0,0,517.0392412,6515.52226,12945930,7928.427853,116.2952679,25.42344543
2001_531,0,0,0,0,0,0,0,0,1,0,0,0,0,0,114.286442,814.4446186,12945855,991.0472111,116.2945941,25.42263695
2001_532,0,0,0,0,0,0,0,0,1,0,0,0,0,0,114.2864341,814.4446424,12945825,991.043509,116.2943246,25.42236746
2001_533,0,0,0,0,0,0,0,0,1,0,0,0,0,0,114.2864182,814.4444153,12945795,991.0395018,116.2940551,25.42209796
2001_534,0,0,0,0,0,0,0,1,0,0,0,0,0,0,102995.7461,18549265.55,12965747.92,22575797.15,116.4732924,25.4631766
2001_535,0,0,0,0,0,0,0,1,0,0,0,0,0,0,114.3139893,814.8379296,12965145,991.0322172,116.4678791,25.42075049
2001_536,0,0,0,0,0,0,0,1,0,0,0,0,0,0,459959.4534,117034641.2,12933519.87,142726700.7,116.1837705,25.53750194
2001_537,0,1,0,0,0,0,0,0,0,0,0,0,0,0,8198.021699,1368487.854,12927298.6,1665955.235,116.1278991,25.42306115
2001_538,0,0,0,0,0,0,0,0,1,0,0,0,0,0,2372.542242,182440.8945,12945750,221987.3787,116.2936509,25.4188556
2001_539,0,0,0,0,0,0,0,1,0,0,0,0,0,0,3243.501196,242812.6048,12962710.47,295322.8994,116.4460094,25.41900872
2001_540,0,0,0,0,0,0,0,1,0,0,0,0,0,0,168.645981,1628.237345,12926670,1981.98711,116.1222523,25.41643858
2001_541,0,0,0,0,0,0,0,0,1,0,0,0,0,0,4359.059951,431709.5292,12947584.53,525209.6145,116.3101307,25.41240226
2001_542,0,0,0,0,0,0,0,0,0,1,0,0,0,0,5229.964176,653396.6996,12955902.5,794746.5843,116.3848523,25.41171167
2001_543,0,1,0,0,0,0,0,0,0,0,0,0,0,0,10480.52885,2367362.677,12947429.33,2879403.861,116.3087366,25.39870897
2001_544,0,0,0,0,0,0,0,0,1,0,0,0,0,0,4435.327629,629882.6085,12956888.02,765893.9729,116.3937054,25.39381079
2001_545,0,0,0,0,0,0,0,0,1,0,0,0,0,0,3510.147923,415520.2496,12948540,505276.3374,116.3187139,25.3854467
2001_546,0,0,0,0,0,0,0,0,1,0,0,0,0,0,2530.953935,210236.8018,12954962.33,255610.3595,116.3764066,25.38544983
2001_547,0,0,0,0,0,0,0,0,1,0,0,0,0,0,43444.78149,9591919.93,12955742.25,11668141.73,116.3834113,25.41812339
2001_548,0,1,0,0,0,0,0,0,0,0,0,0,0,0,139930.2963,73410633.58,12951171.98,89356722.89,116.342358,25.44904892
2001_549,0,1,0,0,0,0,0,0,0,0,0,0,0,0,1420.748188,75786.71069,12954274.36,92132.88858,116.3702265,25.37804864
2001_550,0,0,0,0,1,0,0,0,0,0,0,0,0,0,2150.289382,172788.3126,12960676.42,210021.3464,116.4277372,25.37689152
2001_551,0,1,0,0,0,0,0,0,0,0,0,0,0,0,114.3281084,815.0540452,12960795,990.6511485,116.4288024,25.3752059
2001_552,0,0,0,0,0,0,0,0,1,0,0,0,0,0,566.1292469,11409.52672,12954565.71,13868.57651,116.3728438,25.37037425
2001_553,0,1,0,0,0,0,0,0,0,0,0,0,0,0,685.8339346,13035.77105,12942738.75,15849.76812,116.2666004,25.37013604
2001_554,0,1,0,0,0,0,0,0,0,0,0,0,0,0,114.3061186,814.7428088,12942645,990.5990421,116.2657582,25.36873803
2001_555,0,0,0,0,0,0,0,1,0,0,0,0,0,0,44793.33243,10249179.21,12956777.9,12462369.43,116.3927154,25.39377671
2001_556,0,0,0,0,0,0,0,1,0,0,0,0,0,0,1409.882866,65200.78229,12955011.75,79246.0152,116.3768506,25.36585444
2001_557,0,1,0,0,0,0,0,0,0,0,0,0,0,0,244722.4815,111859020,12967495.31,136145121.7,116.4889721,25.46773801
2001_558,0,0,0,0,1,0,0,0,0,0,0,0,0,0,2585.49047,207798.4566,12947655,252585.1318,116.3107638,25.3603837
2001_559,0,0,0,0,0,0,0,0,1,0,0,0,0,0,2585.562871,207805.7003,12946245,252567.4735,116.2980976,25.35202937
2001_560,0,0,0,0,0,0,0,1,0,0,0,0,0,0,228.6278962,2444.584542,12942145,2971.331738,116.2612666,25.34978358
2001_561,0,0,0,0,0,0,0,1,0,0,0,0,0,0,132504.1193,35990071.35,12947266.56,43770058.32,116.3072727,25.39153202
2001_562,0,0,0,0,0,0,0,1,0,0,0,0,0,0,2585.813938,209465.148,12945045.58,254504.2651,116.287323,25.33126465
2001_563,0,0,0,0,0,0,0,1,0,0,0,0,0,0,2645.719476,224135.7983,12943582.64,272319.9977,116.2741811,25.32711141
2001_564,0,0,0,0,1,0,0,0,0,0,0,0,0,0,6429.408469,1018863.793,12944192.12,1237741.618,116.2796561,25.31968959
2001_565,0,0,0,0,0,0,0,1,0,0,0,0,0,0,1851.067343,132870.2067,12943944.75,161390.1297,116.2774341,25.31125302
2001_566,0,0,0,0,0,0,0,1,0,0,0,0,0,0,114.3377645,815.2131973,12946605,990.1097187,116.3013315,25.30971872
2001_567,0,0,0,0,0,0,0,1,0,0,0,0,0,0,571.6910781,10597.84162,12946528.85,12871.34207,116.3006474,25.30876512
2001_568,0,1,0,0,0,0,0,0,0,0,0,0,0,0,79398.67914,24445734.96,12945394.47,29709774.11,116.2904559,25.34767089
